beaconNum,beaconAddr
64686,f9:79:bd:be:99:bf
64692,c8:03:83:4f:aa:42
28000,ac:23:3f:23:c7:a6
00000,ac:23:3f:32:53:fa
91000,ac:23:3f:24:0b:ce
91001,ac:23:3f:24:0b:cf
91002,ac:23:3f:24:0b:d3
91003,ac:23:3f:24:0b:c7
91004,ac:23:3f:24:0b:d7
91005,ac:23:3f:24:0b:d1
62000,ac:23:3f:24:0c:ec
62001,ac:23:3f:24:0c:ee
62002,ac:23:3f:24:0c:ea
62003,ac:23:3f:24:0c:e5
62004,ac:23:3f:24:0c:e3
62005,ac:23:3f:24:0c:df
62006,ac:23:3f:24:0c:e6
62007,ac:23:3f:24:0c:e0
62008,ac:23:3f:24:0c:e1
62009,ac:23:3f:24:0c:e2
